k,precision_macro,recall_macro,ndcg_macro,n_users
10,0.0009172308364271678,0.009172308364271676,0.004554098976359608,4579
