k,precision_macro,recall_macro,ndcg_macro,n_users
10,0.0012700254005080227,0.012700254005080102,0.005804649359455769,49999
