k,precision_macro,recall_macro,ndcg_macro,n_users
10,0.0008237232289950558,0.008237232289950576,0.003947099875028701,13961
