k,precision_macro,recall_macro,ndcg_macro,n_users
10,0.00114402288045762,0.011440228804576092,0.005343837720323271,49999
